{
	"info": {
		"_postman_id": "bfca675e-9f94-4aa1-bad8-36ac8b2467c7",
		"name": "New Collection",
		"schema": "https://schema.getpostman.com/json/collection/v2.1.0/collection.json",
		"_exporter_id": "27378465"
	},
	"item": [
		{
			"name": "New Request",
			"request": {
				"method": "GET",
				"header": [],
				"url": {
					"raw": "localhost:8080/productos/1",
					"host": [
						"localhost"
					],
					"port": "8080",
					"path": [
						"productos",
						"1"
					]
				}
			},
			"response": []
		},
		{
			"name": "New Request Copy",
			"request": {
				"method": "GET",
				"header": [],
				"url": {
					"raw": "localhost:8080/pedidos?nombre=rob",
					"host": [
						"localhost"
					],
					"port": "8080",
					"path": [
						"pedidos"
					],
					"query": [
						{
							"key": "nombre",
							"value": "rob"
						}
					]
				}
			},
			"response": []
		},
		{
			"name": "New Request Copy 2",
			"request": {
				"method": "GET",
				"header": [],
				"url": {
					"raw": "localhost:8080/empleados?nombre=rob",
					"host": [
						"localhost"
					],
					"port": "8080",
					"path": [
						"empleados"
					],
					"query": [
						{
							"key": "nombre",
							"value": "rob"
						}
					]
				}
			},
			"response": []
		},
		{
			"name": "New Request Copy 3",
			"request": {
				"method": "GET",
				"header": [],
				"url": {
					"raw": "localhost:8080/ispar?num=3",
					"host": [
						"localhost"
					],
					"port": "8080",
					"path": [
						"ispar"
					],
					"query": [
						{
							"key": "num",
							"value": "3"
						}
					]
				}
			},
			"response": []
		},
		{
			"name": "New Request Copy 2",
			"request": {
				"method": "POST",
				"header": [],
				"body": {
					"mode": "raw",
					"raw": "{\"a\":3, \"b\":2}",
					"options": {
						"raw": {
							"language": "json"
						}
					}
				},
				"url": {
					"raw": "localhost:8080/sumar",
					"host": [
						"localhost"
					],
					"port": "8080",
					"path": [
						"sumar"
					]
				}
			},
			"response": []
		},
		{
			"name": "New Request Copy 3",
			"request": {
				"method": "POST",
				"header": [],
				"body": {
					"mode": "raw",
					"raw": "[2,3]",
					"options": {
						"raw": {
							"language": "json"
						}
					}
				},
				"url": {
					"raw": "localhost:8080/sumarlista",
					"host": [
						"localhost"
					],
					"port": "8080",
					"path": [
						"sumarlista"
					]
				}
			},
			"response": []
		},
		{
			"name": "New Request Copy 4",
			"request": {
				"method": "POST",
				"header": [],
				"body": {
					"mode": "raw",
					"raw": "[\"sdssa\",\"abdss\",\"dasa\",\"aaa\",\"zz\"]",
					"options": {
						"raw": {
							"language": "json"
						}
					}
				},
				"url": {
					"raw": "localhost:8080/ordenar",
					"host": [
						"localhost"
					],
					"port": "8080",
					"path": [
						"ordenar"
					]
				}
			},
			"response": []
		}
	]
}